-- ============================================================
-- znty-rrs 投资池初始化 - 演示数据脚本
-- MySQL version: 8.0.28
-- 说明：首次部署执行，插入投资池相关测试数据
-- ============================================================
USE `znty_rrs`;
SET NAMES utf8mb4;
SET FOREIGN_KEY_CHECKS = 0;

-- ----------------------------------------------------------------------------
-- 清空所有业务表
-- ----------------------------------------------------------------------------
TRUNCATE TABLE `ip_pool_permission_evt`;
TRUNCATE TABLE `ip_pool_auto_rule_evt`;
TRUNCATE TABLE `ip_pool_relation_evt`;
TRUNCATE TABLE `ip_investment_pool_evt`;
TRUNCATE TABLE `ip_pool_permission`;
TRUNCATE TABLE `ip_pool_auto_rule`;
TRUNCATE TABLE `ip_pool_relation`;
TRUNCATE TABLE `ip_investment_pool`;

-- ----------------------------------------------------------------------------
-- 1. 初始化固定投资池树
-- ----------------------------------------------------------------------------
INSERT INTO `ip_investment_pool` (`id`, `parent_id`, `pool_code`, `pool_name`, `pool_type`, `pool_level`, `market_codes`, `variety_codes`,
                                  `description`, `hs_pool_name`,
                                  `in_flow_id`, `in_flow_key`, `in_flow_name`,
                                  `out_flow_id`, `out_flow_key`, `out_flow_name`,
                                  `simple_in_flow_id`, `simple_in_flow_key`, `simple_in_flow_name`,
                                  `simple_out_flow_id`, `simple_out_flow_key`, `simple_out_flow_name`,
                                  `batch_in_flow_id`, `batch_in_flow_key`, `batch_in_flow_name`,
                                  `batch_out_flow_id`, `batch_out_flow_key`, `batch_out_flow_name`,
                                  `in_report_restriction`, `out_report_restriction`,
                                  `outer_sort`, `inner_sort`, `status`, `is_deleted`, `crte_time`, `updt_time`) VALUES
(1, NULL, 'credit_bond_root', '信用债大库', 'credit_bond', 1, JSON_ARRAY('SSE', 'SZSE', 'CIBM'), JSON_ARRAY('bond'),
 '信用债大库，覆盖境内交易所和银行间信用债投资池分层管理。',
 NULL,
 101, 'bond:standard-upgrade', '债券标准升库流程',
 102, 'bond:standard-downgrade', '债券标准降库流程',
 105, 'bond:fast-inbound', '债券快速入库流程',
 113, 'bond:fast-outbound', '债券快速出库流程',
 107, 'bond:batch-inbound', '债券批量入库流程',
 115, 'bond:batch-outbound', '债券批量出库流程',
 'internal', 'internal', 1, 1, 'enabled', 0, NOW(), NOW()),
(2, 1, 'credit_bond_level_1', '一级库', 'credit_bond', 2, JSON_ARRAY('SSE', 'SZSE', 'CIBM'), JSON_ARRAY('bond'),
 '信用债一级库，收录资质最优、流动性较强的信用债标的。',
 NULL,
 101, 'bond:standard-upgrade', '债券标准升库流程',
 102, 'bond:standard-downgrade', '债券标准降库流程',
 105, 'bond:fast-inbound', '债券快速入库流程',
 113, 'bond:fast-outbound', '债券快速出库流程',
 107, 'bond:batch-inbound', '债券批量入库流程',
 115, 'bond:batch-outbound', '债券批量出库流程',
 NULL, NULL, 1, 1, 'enabled', 0, NOW(), NOW()),
(3, 1, 'credit_bond_level_2', '二级库', 'credit_bond', 2, JSON_ARRAY('SSE', 'SZSE', 'CIBM'), JSON_ARRAY('bond'),
 '信用债二级库，收录基本面稳健、可持续跟踪配置的信用债标的。',
 NULL,
 101, 'bond:standard-upgrade', '债券标准升库流程',
 102, 'bond:standard-downgrade', '债券标准降库流程',
 105, 'bond:fast-inbound', '债券快速入库流程',
 113, 'bond:fast-outbound', '债券快速出库流程',
 107, 'bond:batch-inbound', '债券批量入库流程',
 115, 'bond:batch-outbound', '债券批量出库流程',
 NULL, NULL, 1, 2, 'enabled', 0, NOW(), NOW()),
(4, 1, 'credit_bond_level_3', '三级库', 'credit_bond', 2, JSON_ARRAY('SSE', 'SZSE', 'CIBM'), JSON_ARRAY('bond'),
 '信用债三级库，收录需重点关注评级、期限和主体变化的信用债标的。',
 NULL,
 101, 'bond:standard-upgrade', '债券标准升库流程',
 102, 'bond:standard-downgrade', '债券标准降库流程',
 105, 'bond:fast-inbound', '债券快速入库流程',
 113, 'bond:fast-outbound', '债券快速出库流程',
 107, 'bond:batch-inbound', '债券批量入库流程',
 115, 'bond:batch-outbound', '债券批量出库流程',
 NULL, NULL, 1, 3, 'enabled', 0, NOW(), NOW()),
(5, 1, 'credit_bond_level_4', '四级库', 'credit_bond', 2, JSON_ARRAY('SSE', 'SZSE', 'CIBM'), JSON_ARRAY('bond'),
 '信用债四级库，收录风险关注程度较高、需审慎调整的信用债标的。',
 NULL,
 101, 'bond:standard-upgrade', '债券标准升库流程',
 102, 'bond:standard-downgrade', '债券标准降库流程',
 105, 'bond:fast-inbound', '债券快速入库流程',
 113, 'bond:fast-outbound', '债券快速出库流程',
 107, 'bond:batch-inbound', '债券批量入库流程',
 115, 'bond:batch-outbound', '债券批量出库流程',
 NULL, NULL, 1, 4, 'enabled', 0, NOW(), NOW()),
(6, 1, 'credit_bond_level_5', '五级库', 'credit_bond', 2, JSON_ARRAY('SSE', 'SZSE', 'CIBM'), JSON_ARRAY('bond'),
 '信用债五级库，收录风险暴露较高、原则上限制新增配置的信用债标的。',
 NULL,
 101, 'bond:standard-upgrade', '债券标准升库流程',
 102, 'bond:standard-downgrade', '债券标准降库流程',
 105, 'bond:fast-inbound', '债券快速入库流程',
 113, 'bond:fast-outbound', '债券快速出库流程',
 107, 'bond:batch-inbound', '债券批量入库流程',
 115, 'bond:batch-outbound', '债券批量出库流程',
 NULL, NULL, 1, 5, 'enabled', 0, NOW(), NOW()),
(7, NULL, 'offshore_bond_root', '境外债库', 'offshore_bond', 1, JSON_ARRAY('CIBM'), JSON_ARRAY('bond'),
 '境外债库，维护境外发行主体及跨境债券相关投资标的。',
 NULL,
 101, 'bond:standard-upgrade', '债券标准升库流程',
 102, 'bond:standard-downgrade', '债券标准降库流程',
 105, 'bond:fast-inbound', '债券快速入库流程',
 113, 'bond:fast-outbound', '债券快速出库流程',
 107, 'bond:batch-inbound', '债券批量入库流程',
 115, 'bond:batch-outbound', '债券批量出库流程',
 'internal', 'any', 2, 1, 'enabled', 0, NOW(), NOW()),
(8, NULL, 'convertible_bond_root', '转债库', 'convertible_bond', 1, JSON_ARRAY('SSE', 'SZSE'), JSON_ARRAY('bond'),
 '转债库，维护交易所可转债及可交换债投资标的。',
 NULL,
 101, 'bond:standard-upgrade', '债券标准升库流程',
 102, 'bond:standard-downgrade', '债券标准降库流程',
 105, 'bond:fast-inbound', '债券快速入库流程',
 113, 'bond:fast-outbound', '债券快速出库流程',
 107, 'bond:batch-inbound', '债券批量入库流程',
 115, 'bond:batch-outbound', '债券批量出库流程',
 'any', 'any', 3, 1, 'enabled', 0, NOW(), NOW()),
(9, NULL, 'special_account_root', '专户产品', 'special_account', 1, JSON_ARRAY('SSE', 'SZSE', 'CIBM'), JSON_ARRAY('bond'),
 '专户产品池，按专户投资约束维护债券类可投标的。',
 NULL,
 101, 'bond:standard-upgrade', '债券标准升库流程',
 102, 'bond:standard-downgrade', '债券标准降库流程',
 105, 'bond:fast-inbound', '债券快速入库流程',
 113, 'bond:fast-outbound', '债券快速出库流程',
 107, 'bond:batch-inbound', '债券批量入库流程',
 115, 'bond:batch-outbound', '债券批量出库流程',
 'internal', 'internal', 4, 1, 'enabled', 0, NOW(), NOW()),
(10, 9, 'special_account_level_1', '一级库', 'special_account', 2, JSON_ARRAY('SSE', 'SZSE', 'CIBM'), JSON_ARRAY('bond'),
 '专户产品一级库，收录专户产品优先配置的高资质债券标的。',
 NULL,
 101, 'bond:standard-upgrade', '债券标准升库流程',
 102, 'bond:standard-downgrade', '债券标准降库流程',
 105, 'bond:fast-inbound', '债券快速入库流程',
 113, 'bond:fast-outbound', '债券快速出库流程',
 107, 'bond:batch-inbound', '债券批量入库流程',
 115, 'bond:batch-outbound', '债券批量出库流程',
 NULL, NULL, 4, 1, 'enabled', 0, NOW(), NOW()),
(11, 9, 'special_account_level_2', '二级库', 'special_account', 2, JSON_ARRAY('SSE', 'SZSE', 'CIBM'), JSON_ARRAY('bond'),
 '专户产品二级库，收录符合专户配置要求且需持续跟踪的债券标的。',
 NULL,
 101, 'bond:standard-upgrade', '债券标准升库流程',
 102, 'bond:standard-downgrade', '债券标准降库流程',
 105, 'bond:fast-inbound', '债券快速入库流程',
 113, 'bond:fast-outbound', '债券快速出库流程',
 107, 'bond:batch-inbound', '债券批量入库流程',
 115, 'bond:batch-outbound', '债券批量出库流程',
 NULL, NULL, 4, 2, 'enabled', 0, NOW(), NOW()),
(12, 9, 'special_account_level_3', '三级库', 'special_account', 2, JSON_ARRAY('SSE', 'SZSE', 'CIBM'), JSON_ARRAY('bond'),
 '专户产品三级库，收录需结合专户约束审慎配置的债券标的。',
 NULL,
 101, 'bond:standard-upgrade', '债券标准升库流程',
 102, 'bond:standard-downgrade', '债券标准降库流程',
 105, 'bond:fast-inbound', '债券快速入库流程',
 113, 'bond:fast-outbound', '债券快速出库流程',
 107, 'bond:batch-inbound', '债券批量入库流程',
 115, 'bond:batch-outbound', '债券批量出库流程',
 NULL, NULL, 4, 3, 'enabled', 0, NOW(), NOW()),
(13, 9, 'special_account_level_4', '四级库', 'special_account', 2, JSON_ARRAY('SSE', 'SZSE', 'CIBM'), JSON_ARRAY('bond'),
 '专户产品四级库，收录存在一定风险提示、需加强复核的债券标的。',
 NULL,
 101, 'bond:standard-upgrade', '债券标准升库流程',
 102, 'bond:standard-downgrade', '债券标准降库流程',
 105, 'bond:fast-inbound', '债券快速入库流程',
 113, 'bond:fast-outbound', '债券快速出库流程',
 107, 'bond:batch-inbound', '债券批量入库流程',
 115, 'bond:batch-outbound', '债券批量出库流程',
 NULL, NULL, 4, 4, 'enabled', 0, NOW(), NOW()),
(14, 9, 'special_account_level_5', '五级库', 'special_account', 2, JSON_ARRAY('SSE', 'SZSE', 'CIBM'), JSON_ARRAY('bond'),
 '专户产品五级库，收录不建议新增配置或需压降退出的债券标的。',
 NULL,
 101, 'bond:standard-upgrade', '债券标准升库流程',
 102, 'bond:standard-downgrade', '债券标准降库流程',
 105, 'bond:fast-inbound', '债券快速入库流程',
 113, 'bond:fast-outbound', '债券快速出库流程',
 107, 'bond:batch-inbound', '债券批量入库流程',
 115, 'bond:batch-outbound', '债券批量出库流程',
 NULL, NULL, 4, 5, 'enabled', 0, NOW(), NOW()),
(15, NULL, 'forbidden_root', '禁投池', 'forbidden', 1, JSON_ARRAY('SSE', 'SZSE', 'CIBM'), JSON_ARRAY('bond'),
 '禁投池，维护禁止买入或需严格限制交易的投资标的。',
 NULL,
 NULL, NULL, NULL,
 NULL, NULL, NULL,
 NULL, NULL, NULL,
 NULL, NULL, NULL,
 NULL, NULL, NULL,
 NULL, NULL, NULL,
 NULL, NULL, 5, 1, 'enabled', 0, NOW(), NOW()),
(16, NULL, 'observe_root', '观察池', 'observe', 1, JSON_ARRAY('SSE', 'SZSE', 'CIBM'), JSON_ARRAY('bond'),
 '观察池，维护需持续跟踪、重点观察但暂未纳入禁投限制的投资标的。',
 NULL,
 NULL, NULL, NULL,
 NULL, NULL, NULL,
 NULL, NULL, NULL,
 NULL, NULL, NULL,
 NULL, NULL, NULL,
 NULL, NULL, NULL,
 NULL, NULL, 6, 1, 'enabled', 0, NOW(), NOW()),
(17, NULL, 'pledge_blacklist_root', '黑名单质押库', 'blacklist', 1, JSON_ARRAY('SSE', 'SZSE', 'CIBM'), JSON_ARRAY('bond'),
 '黑名单质押库，维护质押业务黑名单范围内的投资标的。',
 NULL,
 NULL, NULL, NULL,
 NULL, NULL, NULL,
 NULL, NULL, NULL,
 NULL, NULL, NULL,
 NULL, NULL, NULL,
 NULL, NULL, NULL,
 NULL, NULL, 7, 1, 'enabled', 0, NOW(), NOW()),
(18, NULL, 'crmw_root', 'CRMW库', 'crmw', 1, JSON_ARRAY('SSE', 'SZSE', 'CIBM'), JSON_ARRAY('bond'),
 'CRMW库，维护信用风险缓释凭证相关投资标的。',
 NULL,
 101, 'bond:standard-upgrade', '债券标准升库流程',
 102, 'bond:standard-downgrade', '债券标准降库流程',
 105, 'bond:fast-inbound', '债券快速入库流程',
 113, 'bond:fast-outbound', '债券快速出库流程',
 107, 'bond:batch-inbound', '债券批量入库流程',
 115, 'bond:batch-outbound', '债券批量出库流程',
 'internal', 'internal', 8, 1, 'enabled', 0, NOW(), NOW()),
(19, 18, 'crmw_core_pool', 'CRMW核心库', 'crmw', 2, JSON_ARRAY('SSE', 'SZSE', 'CIBM'), JSON_ARRAY('bond'),
 'CRMW核心库，收录凭证要素完整、标的主体资质较优的信用风险缓释凭证组合。',
 NULL,
 101, 'bond:standard-upgrade', '债券标准升库流程',
 102, 'bond:standard-downgrade', '债券标准降库流程',
 105, 'bond:fast-inbound', '债券快速入库流程',
 113, 'bond:fast-outbound', '债券快速出库流程',
 107, 'bond:batch-inbound', '债券批量入库流程',
 115, 'bond:batch-outbound', '债券批量出库流程',
 'internal', 'internal', 8, 1, 'enabled', 0, NOW(), NOW()),
(20, 18, 'crmw_watch_pool', 'CRMW关注库', 'crmw', 2, JSON_ARRAY('SSE', 'SZSE', 'CIBM'), JSON_ARRAY('bond'),
 'CRMW关注库，收录需持续跟踪标的信用变化、凭证剩余期限或缓释效果的组合。',
 NULL,
 101, 'bond:standard-upgrade', '债券标准升库流程',
 102, 'bond:standard-downgrade', '债券标准降库流程',
 105, 'bond:fast-inbound', '债券快速入库流程',
 113, 'bond:fast-outbound', '债券快速出库流程',
 107, 'bond:batch-inbound', '债券批量入库流程',
 115, 'bond:batch-outbound', '债券批量出库流程',
 'internal', 'internal', 8, 2, 'enabled', 0, NOW(), NOW()),
(21, 18, 'crmw_exit_watch_pool', 'CRMW退出观察库', 'crmw', 2, JSON_ARRAY('SSE', 'SZSE', 'CIBM'), JSON_ARRAY('bond'),
 'CRMW退出观察库，收录凭证临近到期、标的资质变化或需压降退出的组合。',
 NULL,
 101, 'bond:standard-upgrade', '债券标准升库流程',
 102, 'bond:standard-downgrade', '债券标准降库流程',
 105, 'bond:fast-inbound', '债券快速入库流程',
 113, 'bond:fast-outbound', '债券快速出库流程',
 107, 'bond:batch-inbound', '债券批量入库流程',
 115, 'bond:batch-outbound', '债券批量出库流程',
 'internal', 'internal', 8, 3, 'enabled', 0, NOW(), NOW());

-- 初始化投资池关系：信用债库与专户产品子池互斥
INSERT INTO `ip_pool_relation` (`pool_id`, `relation_type`, `relation_pool_id`, `relation_pool_name`, `sort_order`, `is_deleted`, `crte_time`, `updt_time`)
SELECT a.id,
       'in_mutex',
       b.id,
       b.pool_name,
       0,
       0,
       NOW(),
       NOW()
FROM ip_investment_pool a
         JOIN ip_investment_pool b ON a.parent_id = b.parent_id AND a.id != b.id
WHERE a.parent_id IN (1, 9, 18)
  AND a.is_deleted = 0
  AND b.is_deleted = 0;

INSERT INTO `ip_pool_relation` (`pool_id`, `relation_type`, `relation_pool_id`, `relation_pool_name`, `sort_order`, `is_deleted`, `crte_time`, `updt_time`)
SELECT a.id,
       'out_mutex',
       b.id,
       b.pool_name,
       0,
       0,
       NOW(),
       NOW()
FROM ip_investment_pool a
         JOIN ip_investment_pool b ON a.parent_id = b.parent_id AND a.id != b.id
WHERE a.parent_id IN (1, 9, 18)
  AND a.is_deleted = 0
  AND b.is_deleted = 0;

-- 补齐来源、限制、联动和弹性禁投关系，覆盖全部关系类型
INSERT INTO `ip_pool_relation` (
    `pool_id`, `relation_type`, `relation_pool_id`, `relation_pool_name`, `sort_order`, `remark`,
    `is_deleted`, `crte_time`, `updt_time`
) VALUES
(3,  'source',            2,  '一级库',   1, '二级库调整来源于一级库',               0, NOW(), NOW()),
(4,  'in_restrict',       15, '禁投池',   1, '禁投证券不得调入信用债三级库',         0, NOW(), NOW()),
(4,  'out_restrict',      15, '禁投池',   2, '命中禁投条件时限制直接调出',           0, NOW(), NOW()),
(7,  'in_linked',         2,  '一级库',   1, '境外债调入时联动维护信用债一级库',     0, NOW(), NOW()),
(7,  'out_linked',        2,  '一级库',   2, '境外债调出时联动维护信用债一级库',     0, NOW(), NOW()),
(8,  'in_soft_restrict',  15, '禁投池',   1, '命中禁投池时提示并允许授权后继续',     0, NOW(), NOW()),
(8,  'out_soft_restrict', 15, '禁投池',   2, '调出时保留禁投风险提示',               0, NOW(), NOW()),
(20, 'source',            19, 'CRMW核心库',     1, 'CRMW关注库调整来源于核心库',          0, NOW(), NOW()),
(21, 'source',            20, 'CRMW关注库',     1, 'CRMW退出观察库调整来源于关注库',      0, NOW(), NOW()),
(20, 'in_soft_restrict',  16, '观察池',         1, '标的在观察池时提示后允许调入关注库',  0, NOW(), NOW()),
(21, 'out_soft_restrict', 16, '观察池',         1, '调出退出观察库时提示关注观察池状态',  0, NOW(), NOW());

-- 自动调入调出规则，rule_id 对应 rrs_rule_demo_data.sql
INSERT INTO `ip_pool_auto_rule` (
    `id`, `pool_id`, `rule_type`, `rule_id`, `rule_desc`, `is_deleted`, `crte_time`, `updt_time`
) VALUES
(1,  2,  'auto_in',  1,  '信用债分级准入结果为一级库时自动调入',       0, NOW(), NOW()),
(2,  3,  'auto_in',  1,  '信用债分级准入结果为二级库时自动调入',       0, NOW(), NOW()),
(3,  4,  'auto_in',  1,  '信用债分级准入结果为三级库时自动调入',       0, NOW(), NOW()),
(4,  5,  'auto_in',  3,  '信用风险评分达到四级库区间时自动调入',       0, NOW(), NOW()),
(5,  6,  'auto_in',  3,  '高风险但未触发禁投时自动调入五级库',         0, NOW(), NOW()),
(6,  15, 'auto_in',  5,  '风险预警规则触发时自动列入禁投池',           0, NOW(), NOW()),
(7,  2,  'auto_out', 3,  '信用风险评分恶化时自动调出一级库',           0, NOW(), NOW()),
(8,  3,  'auto_out', 5,  '触发风险预警时自动调出二级库',               0, NOW(), NOW()),
(9,  7,  'auto_in',  4,  '证券投资准入检查通过后自动调入境外债库',     0, NOW(), NOW()),
(10, 8,  'auto_in',  4,  '证券投资准入检查通过后自动调入转债库',       0, NOW(), NOW()),
(11, 10, 'auto_in', 10,  '大额债券交易审批通过后自动调入专户一级库',   0, NOW(), NOW()),
(12, 15, 'auto_out', 5,  '风险预警解除并复核通过后自动移出禁投池',     0, NOW(), NOW());

-- ----------------------------------------------------------------------------
-- 2. 初始化投资池权限配置
-- ----------------------------------------------------------------------------
-- 权限说明：
--   permission_type: viewable=可查看 / adjustable=可调整 / excel_importable=可Excel导入
--   handler_type:    role=角色 / user=人员
-- 叶子节点 pool_id: 2-6（信用债子库） / 7（境外债） / 8（转债） / 10-14（专户产品子库） / 15（禁投池） / 16（观察池） / 17（黑名单质押库） / 19-21（CRMW子库）
-- ----------------------------------------------------------------------------
INSERT INTO `ip_pool_permission` (`pool_id`, `permission_type`, `handler_type`, `handler_id`, `handler_name`, `is_deleted`, `crte_time`, `updt_time`) VALUES
-- 管理员（user_id=1001）：对所有叶子节点拥有 adjustable + excel_importable 权限
(2,  'adjustable',      'user', 1001, '管理员', 0, NOW(), NOW()),
(3,  'adjustable',      'user', 1001, '管理员', 0, NOW(), NOW()),
(4,  'adjustable',      'user', 1001, '管理员', 0, NOW(), NOW()),
(5,  'adjustable',      'user', 1001, '管理员', 0, NOW(), NOW()),
(6,  'adjustable',      'user', 1001, '管理员', 0, NOW(), NOW()),
(7,  'adjustable',      'user', 1001, '管理员', 0, NOW(), NOW()),
(8,  'adjustable',      'user', 1001, '管理员', 0, NOW(), NOW()),
(10, 'adjustable',      'user', 1001, '管理员', 0, NOW(), NOW()),
(11, 'adjustable',      'user', 1001, '管理员', 0, NOW(), NOW()),
(12, 'adjustable',      'user', 1001, '管理员', 0, NOW(), NOW()),
(13, 'adjustable',      'user', 1001, '管理员', 0, NOW(), NOW()),
(14, 'adjustable',      'user', 1001, '管理员', 0, NOW(), NOW()),
(15, 'adjustable',      'user', 1001, '管理员', 0, NOW(), NOW()),
(16, 'adjustable',      'user', 1001, '管理员', 0, NOW(), NOW()),
(17, 'adjustable',      'user', 1001, '管理员', 0, NOW(), NOW()),
(18, 'adjustable',      'user', 1001, '管理员', 0, NOW(), NOW()),
(19, 'adjustable',      'user', 1001, '管理员', 0, NOW(), NOW()),
(20, 'adjustable',      'user', 1001, '管理员', 0, NOW(), NOW()),
(21, 'adjustable',      'user', 1001, '管理员', 0, NOW(), NOW()),
(2,  'excel_importable','user', 1001, '管理员', 0, NOW(), NOW()),
(3,  'excel_importable','user', 1001, '管理员', 0, NOW(), NOW()),
(10, 'excel_importable','user', 1001, '管理员', 0, NOW(), NOW()),
(11, 'excel_importable','user', 1001, '管理员', 0, NOW(), NOW()),
-- 信用研究组（role_id=2）：信用债子库 + 禁投池 可调整
(2,  'adjustable',      'role', 2, '信用研究组', 0, NOW(), NOW()),
(3,  'adjustable',      'role', 2, '信用研究组', 0, NOW(), NOW()),
(4,  'adjustable',      'role', 2, '信用研究组', 0, NOW(), NOW()),
(5,  'adjustable',      'role', 2, '信用研究组', 0, NOW(), NOW()),
(6,  'adjustable',      'role', 2, '信用研究组', 0, NOW(), NOW()),
(15, 'adjustable',      'role', 2, '信用研究组', 0, NOW(), NOW()),
-- 利率研究组（role_id=3）：境外债库可调整
(7,  'adjustable',      'role', 3, '利率研究组', 0, NOW(), NOW()),
-- 固收部（role_id=4）：信用债 + 专户产品 + 境外债 + CRMW库 可调整
(2,  'adjustable',      'role', 4, '固收部', 0, NOW(), NOW()),
(3,  'adjustable',      'role', 4, '固收部', 0, NOW(), NOW()),
(7,  'adjustable',      'role', 4, '固收部', 0, NOW(), NOW()),
(10, 'adjustable',      'role', 4, '固收部', 0, NOW(), NOW()),
(11, 'adjustable',      'role', 4, '固收部', 0, NOW(), NOW()),
(18, 'adjustable',      'role', 4, '固收部', 0, NOW(), NOW()),
(19, 'adjustable',      'role', 4, '固收部', 0, NOW(), NOW()),
(20, 'adjustable',      'role', 4, '固收部', 0, NOW(), NOW()),
(21, 'adjustable',      'role', 4, '固收部', 0, NOW(), NOW()),
-- 权益部（role_id=7）：转债库可调整
(8,  'adjustable',      'role', 7, '权益部', 0, NOW(), NOW()),
-- 量化部（role_id=9）：全部可查看（只读）
(1,  'viewable',        'role', 9, '量化部', 0, NOW(), NOW()),
(7,  'viewable',        'role', 9, '量化部', 0, NOW(), NOW()),
(8,  'viewable',        'role', 9, '量化部', 0, NOW(), NOW()),
(9,  'viewable',        'role', 9, '量化部', 0, NOW(), NOW()),
(15, 'viewable',        'role', 9, '量化部', 0, NOW(), NOW()),
(16, 'viewable',        'role', 9, '量化部', 0, NOW(), NOW()),
(17, 'viewable',        'role', 9, '量化部', 0, NOW(), NOW()),
-- 风险管理部：禁投池可调整，全部一级目录可查看
(15, 'adjustable',      'role', 10, '风险管理部', 0, NOW(), NOW()),
(16, 'adjustable',      'role', 10, '风险管理部', 0, NOW(), NOW()),
(17, 'adjustable',      'role', 10, '风险管理部', 0, NOW(), NOW()),
(1,  'viewable',        'role', 10, '风险管理部', 0, NOW(), NOW()),
(7,  'viewable',        'role', 10, '风险管理部', 0, NOW(), NOW()),
(8,  'viewable',        'role', 10, '风险管理部', 0, NOW(), NOW()),
(9,  'viewable',        'role', 10, '风险管理部', 0, NOW(), NOW());
